w_min,f_min,V_min,w_opt,f_opt,V_opt,iteration
237.48130758926416,37.79632399475823,7.957654191542926e-06,237.48130758926416,37.79632399475823,8.168140899333466e-05,148
