w_min,f_min,V_min,w_opt,f_opt,V_opt,iteration
133.54165132266414,21.25381391665634,2.6389426140630086e-07,133.54165132266414,21.25381391665634,0.0002666241446825144,114
