w_min,f_min,V_min,w_opt,f_opt,V_opt,iteration
243.02968751567127,38.67937608619777,1.612579509087639e-05,243.02968751567127,38.67937608619777,8.661999264477782e-05,83
