w_min,f_min,V_min,w_opt,f_opt,V_opt,iteration
115.981507904322,18.45903029022458,1.2076800229350565e-07,115.981507904322,18.45903029022458,0.0003538826512858702,35
