w_min,f_min,V_min,w_opt,f_opt,V_opt,iteration
146.58201615409104,23.329252439299644,2.8495952752240356e-07,146.58201615409104,23.329252439299644,0.0001621404275025553,101
