w_min,f_min,V_min,w_opt,f_opt,V_opt,iteration
114.1860741415526,18.173278131885745,3.950231336411616e-07,114.1860741415526,18.173278131885745,0.0003524741148257737,105
