w_min,f_min,V_min,w_opt,f_opt,V_opt,iteration
148.69605782750355,23.665712621525508,3.0784635934728014e-07,148.69605782750355,23.665712621525508,0.0002079553096876381,126
