w_min,f_min,V_min,w_opt,f_opt,V_opt,iteration
136.21448128482078,21.679208017177693,2.3015411663125486e-07,136.21448128482078,21.679208017177693,0.00026027033697744427,75
