w_min,f_min,V_min,w_opt,f_opt,V_opt,iteration
128.5227483634748,20.455030701802816,3.0951209096711457e-07,128.5227483634748,20.455030701802816,0.00028330903870416263,5
