w_min,f_min,V_min,w_opt,f_opt,V_opt,iteration
113.23626713012897,18.022111651034333,2.927086873131701e-07,113.23626713012897,18.022111651034333,0.00036228321320302097,14
