w_min,f_min,V_min,w_opt,f_opt,V_opt,iteration
144.14998760939014,22.942183074669906,9.732415090693286e-07,144.14998760939014,22.942183074669906,0.0002455629160178734,99
