w_min,f_min,V_min,w_opt,f_opt,V_opt,iteration
131.8407507897122,20.9831071891294,2.2137137356298038e-07,131.8407507897122,20.9831071891294,0.00036569292351496576,2
