w_min,f_min,V_min,w_opt,f_opt,V_opt,iteration
175.85992630300277,27.988976562899314,1.6421156414733346e-07,175.85992630300277,27.988976562899314,0.0001525469520443243,142
