w_min,f_min,V_min,w_opt,f_opt,V_opt,iteration
149.01803155384596,23.71695633161862,3.072706448692607e-07,149.01803155384596,23.71695633161862,0.00020920048229917826,126
