w_min,f_min,V_min,w_opt,f_opt,V_opt,iteration
106.57838430165823,16.962476688356567,2.759806221017294e-07,106.57838430165823,16.962476688356567,0.00030158968932948076,78
