w_min,f_min,V_min,w_opt,f_opt,V_opt,iteration
117.87721575579923,18.760741565445294,2.6664046974273505e-07,117.87721575579923,18.760741565445294,0.0003060723889286902,144
