w_min,f_min,V_min,w_opt,f_opt,V_opt,iteration
248.79620984897397,39.59714661999271,1.7360441003737166e-05,248.79620984897397,39.59714661999271,7.444317951946377e-05,79
