w_min,f_min,V_min,w_opt,f_opt,V_opt,iteration
127.26850412118911,20.2554115307985,4.439622124636487e-07,127.26850412118911,20.2554115307985,0.00032502096155186783,59
